"000_003.mp4","fake"
"000.mp4","real"
"001_870.mp4","fake"
"001.mp4","real"
"002_006.mp4","fake"
"002.mp4","real"
"003_000.mp4","fake"
"003.mp4","real"
"004_982.mp4","fake"
"004.mp4","real"
"005_010.mp4","fake"
"005.mp4","real"
"006_002.mp4","fake"
"006.mp4","real"
"007_132.mp4","fake"
"007.mp4","real"
"008_990.mp4","fake"
"008.mp4","real"
"009_027.mp4","fake"
"009.mp4","real"
"010.mp4","real"
"011.mp4","real"
"200_189.mp4","fake"
"201_203.mp4","fake"
"202_348.mp4","fake"
"202.mp4","real"
"203_201.mp4","fake"
"203.mp4","real"
"204_230.mp4","fake"
"204.mp4","real"
"205.mp4","real"
"206.mp4","real"
"215_208.mp4","fake"
"216_164.mp4","fake"
"217_117.mp4","fake"
"217.mp4","real"
"218_239.mp4","fake"
"218.mp4","real"
"219_220.mp4","fake"
"219.mp4","real"
"220_219.mp4","fake"
"220.mp4","real"
"221_206.mp4","fake"
"221.mp4","real"
"222_168.mp4","fake"
"222.mp4","real"
"223_586.mp4","fake"
"223.mp4","real"
"224_197.mp4","fake"
"224.mp4","real"
"225_151.mp4","fake"
"225.mp4","real"
"226_491.mp4","fake"
"226.mp4","real"
"227_169.mp4","fake"
"227.mp4","real"
"228_289.mp4","fake"
"228.mp4","real"
"229_247.mp4","fake"
"229.mp4","real"
"230_204.mp4","fake"
"230.mp4","real"
"231_663.mp4","fake"
"231.mp4","real"
"232_248.mp4","fake"
"232.mp4","real"
"233_995.mp4","fake"
"233.mp4","real"
"234_187.mp4","fake"
"234.mp4","real"
"235_194.mp4","fake"
"235.mp4","real"
"236_237.mp4","fake"
"236.mp4","real"
"237_236.mp4","fake"
"237.mp4","real"
"238_282.mp4","fake"
"238.mp4","real"
"239_218.mp4","fake"
"239.mp4","real"
"240_290.mp4","fake"
"240.mp4","real"
"241_210.mp4","fake"
"241.mp4","real"
"242_182.mp4","fake"
"242.mp4","real"
"243_156.mp4","fake"
"243.mp4","real"
"244_822.mp4","fake"
"244.mp4","real"
"245_157.mp4","fake"
"245.mp4","real"
"246_258.mp4","fake"
"246.mp4","real"
"247_229.mp4","fake"
"247.mp4","real"
"248_232.mp4","fake"
"248.mp4","real"
"249_280.mp4","fake"
"249.mp4","real"
"250_461.mp4","fake"
"250.mp4","real"
"251_375.mp4","fake"
"251.mp4","real"
"252_266.mp4","fake"
"252.mp4","real"
"253_183.mp4","fake"
"253.mp4","real"
"254_261.mp4","fake"
"254.mp4","real"
"255_214.mp4","fake"
"255.mp4","real"
"256_146.mp4","fake"
"256.mp4","real"
"257_420.mp4","fake"
"257.mp4","real"
"258_246.mp4","fake"
"258.mp4","real"
"259_345.mp4","fake"
"259.mp4","real"
"260_331.mp4","fake"
"260.mp4","real"
"261_254.mp4","fake"
"261.mp4","real"
"262_301.mp4","fake"
"262.mp4","real"
"263_284.mp4","fake"
"263.mp4","real"
"264_271.mp4","fake"
"264.mp4","real"
"265_475.mp4","fake"
"265.mp4","real"
"266_252.mp4","fake"
"266.mp4","real"
"267_286.mp4","fake"
"267.mp4","real"
"268_269.mp4","fake"
"268.mp4","real"
"269_268.mp4","fake"
"269.mp4","real"
"270_297.mp4","fake"
"270.mp4","real"
"271_264.mp4","fake"
"271.mp4","real"
"272_396.mp4","fake"
"272.mp4","real"
"273_807.mp4","fake"
"273.mp4","real"
"274_412.mp4","fake"
"274.mp4","real"
"275_887.mp4","fake"
"275.mp4","real"
"276_185.mp4","fake"
"276.mp4","real"
"277_335.mp4","fake"
"277.mp4","real"
"278_306.mp4","fake"
"278.mp4","real"
"279_298.mp4","fake"
"279.mp4","real"
"280_249.mp4","fake"
"280.mp4","real"
"281_474.mp4","fake"
"281.mp4","real"
"282_238.mp4","fake"
"282.mp4","real"
"283_313.mp4","fake"
"283.mp4","real"
"284_263.mp4","fake"
"284.mp4","real"
"285_136.mp4","fake"
"285.mp4","real"
"286_267.mp4","fake"
"286.mp4","real"
"287_426.mp4","fake"
"287.mp4","real"
"288_321.mp4","fake"
"288.mp4","real"
"289_228.mp4","fake"
"289.mp4","real"
"290_240.mp4","fake"
"290.mp4","real"
"291_874.mp4","fake"
"291.mp4","real"
"292_294.mp4","fake"
"292.mp4","real"
"293_296.mp4","fake"
"293.mp4","real"
"294_292.mp4","fake"
"294.mp4","real"
"295_099.mp4","fake"
"295.mp4","real"
"296_293.mp4","fake"
"296.mp4","real"
"297_270.mp4","fake"
"297.mp4","real"
"298_279.mp4","fake"
"298.mp4","real"
"299_145.mp4","fake"
"299.mp4","real"
"300_304.mp4","fake"
"300.mp4","real"
"301_262.mp4","fake"
"301.mp4","real"
"302_323.mp4","fake"
"302.mp4","real"
"303_309.mp4","fake"
"303.mp4","real"
"304_300.mp4","fake"
"304.mp4","real"
"305_513.mp4","fake"
"305.mp4","real"
"306_278.mp4","fake"
"306.mp4","real"
"307_365.mp4","fake"
"307.mp4","real"
"308_388.mp4","fake"
"308.mp4","real"
"309_303.mp4","fake"
"309.mp4","real"
"310_196.mp4","fake"
"310.mp4","real"
"311_387.mp4","fake"
"311.mp4","real"
"312_021.mp4","fake"
"312.mp4","real"
"313_283.mp4","fake"
"313.mp4","real"
"314_347.mp4","fake"
"314.mp4","real"
"315_322.mp4","fake"
"315.mp4","real"
"316_369.mp4","fake"
"316.mp4","real"
"317_359.mp4","fake"
"317.mp4","real"
"318_334.mp4","fake"
"318.mp4","real"
"319_352.mp4","fake"
"319.mp4","real"
"320_328.mp4","fake"
"320.mp4","real"
"321_288.mp4","fake"
"321.mp4","real"
"322_315.mp4","fake"
"322.mp4","real"
"323_302.mp4","fake"
"323.mp4","real"
"324_356.mp4","fake"
"324.mp4","real"
"325_492.mp4","fake"
"325.mp4","real"
"326_501.mp4","fake"
"326.mp4","real"
"327_329.mp4","fake"
"327.mp4","real"
"328_320.mp4","fake"
"328.mp4","real"
"329_327.mp4","fake"
"329.mp4","real"
"330_162.mp4","fake"
"330.mp4","real"
"331_260.mp4","fake"
"331.mp4","real"
"332_051.mp4","fake"
"332.mp4","real"
"333_377.mp4","fake"
"333.mp4","real"
"334_318.mp4","fake"
"334.mp4","real"
"335_277.mp4","fake"
"335.mp4","real"
"336_338.mp4","fake"
"336.mp4","real"
"337_522.mp4","fake"
"337.mp4","real"
"338_336.mp4","fake"
"338.mp4","real"
"339_392.mp4","fake"
"339.mp4","real"
"340_341.mp4","fake"
"340.mp4","real"
"341_340.mp4","fake"
"341.mp4","real"
"342_416.mp4","fake"
"342.mp4","real"
"343_363.mp4","fake"
"343.mp4","real"
"344_020.mp4","fake"
"344.mp4","real"
"345_259.mp4","fake"
"345.mp4","real"
"346_351.mp4","fake"
"346.mp4","real"
"347_314.mp4","fake"
"347.mp4","real"
"348_202.mp4","fake"
"348.mp4","real"
"349_350.mp4","fake"
"349.mp4","real"
"350_349.mp4","fake"
"350.mp4","real"
"351_346.mp4","fake"
"351.mp4","real"
"352_319.mp4","fake"
"352.mp4","real"
"353_383.mp4","fake"
"353.mp4","real"
"354_362.mp4","fake"
"354.mp4","real"
"355_748.mp4","fake"
"355.mp4","real"
"356_324.mp4","fake"
"356.mp4","real"
"357_432.mp4","fake"
"357.mp4","real"
"358_380.mp4","fake"
"358.mp4","real"
"359_317.mp4","fake"
"359.mp4","real"
"360_437.mp4","fake"
"360.mp4","real"
"361_448.mp4","fake"
"361.mp4","real"
"362_354.mp4","fake"
"362.mp4","real"
"363_343.mp4","fake"
"363.mp4","real"
"364_440.mp4","fake"
"364.mp4","real"
"365_307.mp4","fake"
"365.mp4","real"
"366_473.mp4","fake"
"366.mp4","real"
"367_371.mp4","fake"
"367.mp4","real"
"368_378.mp4","fake"
"368.mp4","real"
"369_316.mp4","fake"
"369.mp4","real"
"370_483.mp4","fake"
"370.mp4","real"
"371_367.mp4","fake"
"371.mp4","real"
"372_413.mp4","fake"
"372.mp4","real"
"373_394.mp4","fake"
"373.mp4","real"
"374_407.mp4","fake"
"374.mp4","real"
"375_251.mp4","fake"
"375.mp4","real"
"376_381.mp4","fake"
"376.mp4","real"
"377_333.mp4","fake"
"377.mp4","real"
"378_368.mp4","fake"
"378.mp4","real"
"379_158.mp4","fake"
"379.mp4","real"
"380_358.mp4","fake"
"380.mp4","real"
"381_376.mp4","fake"
"381.mp4","real"
"382_409.mp4","fake"
"382.mp4","real"
"383_353.mp4","fake"
"383.mp4","real"
"384_932.mp4","fake"
"384.mp4","real"
"385_414.mp4","fake"
"385.mp4","real"
"386_154.mp4","fake"
"386.mp4","real"
"387_311.mp4","fake"
"387.mp4","real"
"388_308.mp4","fake"
"388.mp4","real"
"389_480.mp4","fake"
"389.mp4","real"
"390_709.mp4","fake"
"390.mp4","real"
"391_406.mp4","fake"
"391.mp4","real"
"392_339.mp4","fake"
"392.mp4","real"
"393_405.mp4","fake"
"393.mp4","real"
"394_373.mp4","fake"
"394.mp4","real"
"395_401.mp4","fake"
"395.mp4","real"
