"000.mp4","REAL"
"001.mp4","REAL"
"002.mp4","REAL"
"003.mp4","REAL"
"004.mp4","REAL"
"005.mp4","REAL"
"006.mp4","REAL"
"007.mp4","REAL"
"008.mp4","REAL"
"009.mp4","REAL"
"010.mp4","REAL"
"011.mp4","REAL"
"012.mp4","REAL"
"013.mp4","REAL"
"014.mp4","REAL"
"015.mp4","REAL"
"016.mp4","REAL"
"017.mp4","REAL"
"018.mp4","REAL"
"019.mp4","REAL"
"01__exit_phone_room.mp4","REAL"
"01__hugging_happy.mp4","REAL"
"01__kitchen_pan.mp4","REAL"
"01__kitchen_still.mp4","REAL"
"01__meeting_serious.mp4","REAL"
"01__outside_talking_pan_laughing.mp4","REAL"
"01__outside_talking_still_laughing.mp4","REAL"
"01__podium_speech_happy.mp4","REAL"
"01__secret_conversation.mp4","REAL"
"01__talking_against_wall.mp4","REAL"
"01__talking_angry_couch.mp4","REAL"
"01__walking_and_outside_surprised.mp4","REAL"
"01__walking_down_indoor_hall_disgust.mp4","REAL"
"01__walking_down_street_outside_angry.mp4","REAL"
"01__walking_outside_cafe_disgusted.mp4","REAL"
"01__walk_down_hall_angry.mp4","REAL"
"020.mp4","REAL"
"021.mp4","REAL"
"022.mp4","REAL"
"023.mp4","REAL"
"024.mp4","REAL"
"025.mp4","REAL"
"026.mp4","REAL"
"027.mp4","REAL"
"028.mp4","REAL"
"029.mp4","REAL"
"02__exit_phone_room.mp4","REAL"
"02__hugging_happy.mp4","REAL"
"02__kitchen_pan.mp4","REAL"
"02__kitchen_still.mp4","REAL"
"02__meeting_serious.mp4","REAL"
"02__outside_talking_pan_laughing.mp4","REAL"
"02__outside_talking_still_laughing.mp4","REAL"
"02__podium_speech_happy.mp4","REAL"
"02__secret_conversation.mp4","REAL"
"02__talking_against_wall.mp4","REAL"
"02__talking_angry_couch.mp4","REAL"
"02__walking_and_outside_surprised.mp4","REAL"
"02__walking_down_indoor_hall_disgust.mp4","REAL"
"02__walking_down_street_outside_angry.mp4","REAL"
"02__walking_outside_cafe_disgusted.mp4","REAL"
"02__walk_down_hall_angry.mp4","REAL"
"030.mp4","REAL"
"031.mp4","REAL"
"032.mp4","REAL"
"033.mp4","REAL"
"034.mp4","REAL"
"035.mp4","REAL"
"036.mp4","REAL"
"037.mp4","REAL"
"038.mp4","REAL"
"039.mp4","REAL"
"03__exit_phone_room.mp4","REAL"
"03__hugging_happy.mp4","REAL"
"03__kitchen_pan.mp4","REAL"
"03__kitchen_still.mp4","REAL"
"03__meeting_serious.mp4","REAL"
"03__outside_talking_pan_laughing.mp4","REAL"
"03__outside_talking_still_laughing.mp4","REAL"
"03__podium_speech_happy.mp4","REAL"
"03__secret_conversation.mp4","REAL"
"03__talking_against_wall.mp4","REAL"
"03__talking_angry_couch.mp4","REAL"
"03__walking_and_outside_surprised.mp4","REAL"
"03__walking_down_indoor_hall_disgust.mp4","REAL"
"03__walking_down_street_outside_angry.mp4","REAL"
"03__walking_outside_cafe_disgusted.mp4","REAL"
"03__walk_down_hall_angry.mp4","REAL"
"040.mp4","REAL"
"041.mp4","REAL"
"042.mp4","REAL"
"043.mp4","REAL"
"044.mp4","REAL"
"045.mp4","REAL"
"046.mp4","REAL"
"047.mp4","REAL"
"048.mp4","REAL"
"049.mp4","REAL"
"04__exit_phone_room.mp4","REAL"
"04__kitchen_pan.mp4","REAL"
"04__kitchen_still.mp4","REAL"
"04__outside_talking_pan_laughing.mp4","REAL"
"04__outside_talking_still_laughing.mp4","REAL"
"04__podium_speech_happy.mp4","REAL"
"04__secret_conversation.mp4","REAL"
"04__talking_against_wall.mp4","REAL"
"04__talking_angry_couch.mp4","REAL"
"04__walking_down_street_outside_angry.mp4","REAL"
"04__walking_outside_cafe_disgusted.mp4","REAL"
"04__walk_down_hall_angry.mp4","REAL"
"050.mp4","REAL"
"051.mp4","REAL"
"052.mp4","REAL"
"053.mp4","REAL"
"054.mp4","REAL"
"055.mp4","REAL"
"056.mp4","REAL"
"057.mp4","REAL"
"058.mp4","REAL"
"059.mp4","REAL"
"05__exit_phone_room.mp4","REAL"
"05__hugging_happy.mp4","REAL"
"05__kitchen_pan.mp4","REAL"
"05__kitchen_still.mp4","REAL"
"05__outside_talking_pan_laughing.mp4","REAL"
"05__outside_talking_still_laughing.mp4","REAL"
"05__podium_speech_happy.mp4","REAL"
"05__talking_against_wall.mp4","REAL"
"05__walking_down_street_outside_angry.mp4","REAL"
"05__walking_outside_cafe_disgusted.mp4","REAL"
"05__walk_down_hall_angry.mp4","REAL"
"060.mp4","REAL"
"061.mp4","REAL"
"062.mp4","REAL"
"063.mp4","REAL"
"064.mp4","REAL"
"065.mp4","REAL"
"066.mp4","REAL"
"067.mp4","REAL"
"068.mp4","REAL"
"069.mp4","REAL"
"06__exit_phone_room.mp4","REAL"
"06__hugging_happy.mp4","REAL"
"06__kitchen_pan.mp4","REAL"
"06__kitchen_still.mp4","REAL"
"06__outside_talking_pan_laughing.mp4","REAL"
"06__outside_talking_still_laughing.mp4","REAL"
"06__podium_speech_happy.mp4","REAL"
"06__talking_against_wall.mp4","REAL"
"06__talking_angry_couch.mp4","REAL"
"06__walking_and_outside_surprised.mp4","REAL"
"06__walking_down_indoor_hall_disgust.mp4","REAL"
"06__walking_down_street_outside_angry.mp4","REAL"
"06__walking_outside_cafe_disgusted.mp4","REAL"
"06__walk_down_hall_angry.mp4","REAL"
"070.mp4","REAL"
"071.mp4","REAL"
"072.mp4","REAL"
"073.mp4","REAL"
"074.mp4","REAL"
"075.mp4","REAL"
"076.mp4","REAL"
"077.mp4","REAL"
"078.mp4","REAL"
"079.mp4","REAL"
"07__exit_phone_room.mp4","REAL"
"07__hugging_happy.mp4","REAL"
"07__kitchen_pan.mp4","REAL"
"07__kitchen_still.mp4","REAL"
"07__outside_talking_pan_laughing.mp4","REAL"
"07__outside_talking_still_laughing.mp4","REAL"
"07__podium_speech_happy.mp4","REAL"
"07__secret_conversation.mp4","REAL"
"07__talking_against_wall.mp4","REAL"
"07__talking_angry_couch.mp4","REAL"
"07__walking_down_street_outside_angry.mp4","REAL"
"07__walking_outside_cafe_disgusted.mp4","REAL"
"07__walk_down_hall_angry.mp4","REAL"
"080.mp4","REAL"
"081.mp4","REAL"
"082.mp4","REAL"
"083.mp4","REAL"
"084.mp4","REAL"
"085.mp4","REAL"
"086.mp4","REAL"
"087.mp4","REAL"
"088.mp4","REAL"
"089.mp4","REAL"
"08__exit_phone_room.mp4","REAL"
"08__kitchen_pan.mp4","REAL"
"08__kitchen_still.mp4","REAL"
"08__outside_talking_pan_laughing.mp4","REAL"
"08__outside_talking_still_laughing.mp4","REAL"
"08__podium_speech_happy.mp4","REAL"
"08__talking_against_wall.mp4","REAL"
"08__walking_down_street_outside_angry.mp4","REAL"
"08__walking_outside_cafe_disgusted.mp4","REAL"
"08__walk_down_hall_angry.mp4","REAL"
"090.mp4","REAL"
"091.mp4","REAL"
"092.mp4","REAL"
"093.mp4","REAL"
"094.mp4","REAL"
"095.mp4","REAL"
"096.mp4","REAL"
"097.mp4","REAL"
"098.mp4","REAL"
"099.mp4","REAL"
"09__exit_phone_room.mp4","REAL"
"09__kitchen_pan.mp4","REAL"
"09__outside_talking_pan_laughing.mp4","REAL"
"09__outside_talking_still_laughing.mp4","REAL"
"09__podium_speech_happy.mp4","REAL"
"09__talking_against_wall.mp4","REAL"
"09__talking_angry_couch.mp4","REAL"
"09__walking_down_street_outside_angry.mp4","REAL"
"09__walk_down_hall_angry.mp4","REAL"
"100.mp4","REAL"
"101.mp4","REAL"
"102.mp4","REAL"
"103.mp4","REAL"
"104.mp4","REAL"
"105.mp4","REAL"
"106.mp4","REAL"
"107.mp4","REAL"
"108.mp4","REAL"
"109.mp4","REAL"
"10__exit_phone_room.mp4","REAL"
"10__kitchen_pan.mp4","REAL"
"10__kitchen_still.mp4","REAL"
"10__outside_talking_pan_laughing.mp4","REAL"
"10__outside_talking_still_laughing.mp4","REAL"
"10__podium_speech_happy.mp4","REAL"
"10__talking_against_wall.mp4","REAL"
"10__talking_angry_couch.mp4","REAL"
"10__walking_down_street_outside_angry.mp4","REAL"
"10__walking_outside_cafe_disgusted.mp4","REAL"
"10__walk_down_hall_angry.mp4","REAL"
"110.mp4","REAL"
"111.mp4","REAL"
"112.mp4","REAL"
"113.mp4","REAL"
"114.mp4","REAL"
"115.mp4","REAL"
"116.mp4","REAL"
"117.mp4","REAL"
"118.mp4","REAL"
"119.mp4","REAL"
"11__exit_phone_room.mp4","REAL"
"11__kitchen_pan.mp4","REAL"
"11__kitchen_still.mp4","REAL"
"11__outside_talking_pan_laughing.mp4","REAL"
"11__outside_talking_still_laughing.mp4","REAL"
"11__podium_speech_happy.mp4","REAL"
"11__secret_conversation.mp4","REAL"
"11__talking_against_wall.mp4","REAL"
"11__talking_angry_couch.mp4","REAL"
"11__walking_down_street_outside_angry.mp4","REAL"
"11__walking_outside_cafe_disgusted.mp4","REAL"
"11__walk_down_hall_angry.mp4","REAL"
"120.mp4","REAL"
"121.mp4","REAL"
"122.mp4","REAL"
"123.mp4","REAL"
"124.mp4","REAL"
"125.mp4","REAL"
"126.mp4","REAL"
"127.mp4","REAL"
"128.mp4","REAL"
"129.mp4","REAL"
"12__exit_phone_room.mp4","REAL"
"12__hugging_happy.mp4","REAL"
"12__kitchen_pan.mp4","REAL"
"12__kitchen_still.mp4","REAL"
"12__outside_talking_pan_laughing.mp4","REAL"
"12__outside_talking_still_laughing.mp4","REAL"
"12__podium_speech_happy.mp4","REAL"
"12__secret_conversation.mp4","REAL"
"12__talking_against_wall.mp4","REAL"
"12__talking_angry_couch.mp4","REAL"
"12__walking_and_outside_surprised.mp4","REAL"
"12__walking_down_indoor_hall_disgust.mp4","REAL"
"12__walking_down_street_outside_angry.mp4","REAL"
"12__walking_outside_cafe_disgusted.mp4","REAL"
"12__walk_down_hall_angry.mp4","REAL"
"130.mp4","REAL"
"131.mp4","REAL"
"132.mp4","REAL"
"133.mp4","REAL"
"134.mp4","REAL"
"135.mp4","REAL"
"136.mp4","REAL"
"137.mp4","REAL"
"138.mp4","REAL"
"139.mp4","REAL"
"13__exit_phone_room.mp4","REAL"
"13__hugging_happy.mp4","REAL"
"13__kitchen_pan.mp4","REAL"
"13__kitchen_still.mp4","REAL"
"13__outside_talking_pan_laughing.mp4","REAL"
"13__outside_talking_still_laughing.mp4","REAL"
"13__podium_speech_happy.mp4","REAL"
"13__secret_conversation.mp4","REAL"
"13__talking_against_wall.mp4","REAL"
"13__talking_angry_couch.mp4","REAL"
"13__walking_and_outside_surprised.mp4","REAL"
"13__walking_down_indoor_hall_disgust.mp4","REAL"
"13__walking_down_street_outside_angry.mp4","REAL"
"13__walking_outside_cafe_disgusted.mp4","REAL"
"13__walk_down_hall_angry.mp4","REAL"
"140.mp4","REAL"
"141.mp4","REAL"
"142.mp4","REAL"
"143.mp4","REAL"
"144.mp4","REAL"
"145.mp4","REAL"
"146.mp4","REAL"
"147.mp4","REAL"
"148.mp4","REAL"
"149.mp4","REAL"
"14__exit_phone_room.mp4","REAL"
"14__hugging_happy.mp4","REAL"
"14__kitchen_pan.mp4","REAL"
"14__kitchen_still.mp4","REAL"
"14__outside_talking_pan_laughing.mp4","REAL"
"14__outside_talking_still_laughing.mp4","REAL"
"14__podium_speech_happy.mp4","REAL"
"14__secret_conversation.mp4","REAL"
"14__talking_against_wall.mp4","REAL"
"14__talking_angry_couch.mp4","REAL"
"14__walking_and_outside_surprised.mp4","REAL"
"14__walking_down_indoor_hall_disgust.mp4","REAL"
"14__walking_down_street_outside_angry.mp4","REAL"
"14__walking_outside_cafe_disgusted.mp4","REAL"
"14__walk_down_hall_angry.mp4","REAL"
"150.mp4","REAL"
"151.mp4","REAL"
"152.mp4","REAL"
"153.mp4","REAL"
"154.mp4","REAL"
"155.mp4","REAL"
"156.mp4","REAL"
"157.mp4","REAL"
"158.mp4","REAL"
"159.mp4","REAL"
"15__exit_phone_room.mp4","REAL"
"15__hugging_happy.mp4","REAL"
"15__kitchen_pan.mp4","REAL"
"15__kitchen_still.mp4","REAL"
"15__outside_talking_pan_laughing.mp4","REAL"
"15__outside_talking_still_laughing.mp4","REAL"
"15__podium_speech_happy.mp4","REAL"
"15__talking_against_wall.mp4","REAL"
"15__talking_angry_couch.mp4","REAL"
"15__walking_and_outside_surprised.mp4","REAL"
"15__walking_down_indoor_hall_disgust.mp4","REAL"
"15__walking_down_street_outside_angry.mp4","REAL"
"15__walking_outside_cafe_disgusted.mp4","REAL"
"15__walk_down_hall_angry.mp4","REAL"
"160.mp4","REAL"
"161.mp4","REAL"
"162.mp4","REAL"
"163.mp4","REAL"
"164.mp4","REAL"
"165.mp4","REAL"
"166.mp4","REAL"
"167.mp4","REAL"
"168.mp4","REAL"
"169.mp4","REAL"
"16__exit_phone_room.mp4","REAL"
"16__hugging_happy.mp4","REAL"
"16__kitchen_pan.mp4","REAL"
"16__kitchen_still.mp4","REAL"
"16__outside_talking_pan_laughing.mp4","REAL"
"16__podium_speech_happy.mp4","REAL"
"16__talking_against_wall.mp4","REAL"
"16__walking_and_outside_surprised.mp4","REAL"
"16__walking_down_indoor_hall_disgust.mp4","REAL"
"16__walking_down_street_outside_angry.mp4","REAL"
"16__walking_outside_cafe_disgusted.mp4","REAL"
"16__walk_down_hall_angry.mp4","REAL"
"170.mp4","REAL"
"171.mp4","REAL"
"172.mp4","REAL"
"173.mp4","REAL"
"174.mp4","REAL"
"175.mp4","REAL"
"176.mp4","REAL"
"177.mp4","REAL"
"178.mp4","REAL"
"179.mp4","REAL"
"17__exit_phone_room.mp4","REAL"
"17__hugging_happy.mp4","REAL"
"17__kitchen_pan.mp4","REAL"
"17__kitchen_still.mp4","REAL"
"17__outside_talking_pan_laughing.mp4","REAL"
"17__outside_talking_still_laughing.mp4","REAL"
"17__podium_speech_happy.mp4","REAL"
"17__talking_against_wall.mp4","REAL"
"17__talking_angry_couch.mp4","REAL"
"17__walking_and_outside_surprised.mp4","REAL"
"17__walking_down_indoor_hall_disgust.mp4","REAL"
"17__walking_down_street_outside_angry.mp4","REAL"
"17__walk_down_hall_angry.mp4","REAL"
"180.mp4","REAL"
"181.mp4","REAL"
"182.mp4","REAL"
"183.mp4","REAL"
"184.mp4","REAL"
"185.mp4","REAL"
"186.mp4","REAL"
"187.mp4","REAL"
"188.mp4","REAL"
"189.mp4","REAL"
"18__exit_phone_room.mp4","REAL"
"18__kitchen_pan.mp4","REAL"
"18__kitchen_still.mp4","REAL"
"18__outside_talking_pan_laughing.mp4","REAL"
"18__outside_talking_still_laughing.mp4","REAL"
"18__podium_speech_happy.mp4","REAL"
"18__secret_conversation.mp4","REAL"
"18__talking_against_wall.mp4","REAL"
"18__walking_down_street_outside_angry.mp4","REAL"
"18__walking_outside_cafe_disgusted.mp4","REAL"
"18__walk_down_hall_angry.mp4","REAL"
"190.mp4","REAL"
"191.mp4","REAL"
"192.mp4","REAL"
"193.mp4","REAL"
"194.mp4","REAL"
"195.mp4","REAL"
"196.mp4","REAL"
"197.mp4","REAL"
"198.mp4","REAL"
"199.mp4","REAL"
"19__exit_phone_room.mp4","REAL"
"19__kitchen_pan.mp4","REAL"
"19__kitchen_still.mp4","REAL"
"19__outside_talking_pan_laughing.mp4","REAL"
"19__outside_talking_still_laughing.mp4","REAL"
"19__podium_speech_happy.mp4","REAL"
"19__secret_conversation.mp4","REAL"
"19__talking_against_wall.mp4","REAL"
"19__talking_angry_couch.mp4","REAL"
"19__walking_down_street_outside_angry.mp4","REAL"
"19__walking_outside_cafe_disgusted.mp4","REAL"
"19__walk_down_hall_angry.mp4","REAL"
"200.mp4","REAL"
"201.mp4","REAL"
"202.mp4","REAL"
"203.mp4","REAL"
"204.mp4","REAL"
"205.mp4","REAL"
"206.mp4","REAL"
"207.mp4","REAL"
"208.mp4","REAL"
"209.mp4","REAL"
"20__exit_phone_room.mp4","REAL"
"20__hugging_happy.mp4","REAL"
"20__kitchen_pan.mp4","REAL"
"20__kitchen_still.mp4","REAL"
"20__outside_talking_pan_laughing.mp4","REAL"
"20__outside_talking_still_laughing.mp4","REAL"
"20__podium_speech_happy.mp4","REAL"
"20__secret_conversation.mp4","REAL"
"20__talking_against_wall.mp4","REAL"
"20__talking_angry_couch.mp4","REAL"
"20__walking_and_outside_surprised.mp4","REAL"
"20__walking_down_indoor_hall_disgust.mp4","REAL"
"20__walking_down_street_outside_angry.mp4","REAL"
"20__walking_outside_cafe_disgusted.mp4","REAL"
"20__walk_down_hall_angry.mp4","REAL"
"210.mp4","REAL"
"211.mp4","REAL"
"212.mp4","REAL"
"213.mp4","REAL"
"214.mp4","REAL"
"215.mp4","REAL"
"216.mp4","REAL"
"217.mp4","REAL"
"218.mp4","REAL"
"219.mp4","REAL"
"21__exit_phone_room.mp4","REAL"
"21__hugging_happy.mp4","REAL"
"21__kitchen_pan.mp4","REAL"
"21__kitchen_still.mp4","REAL"
"21__outside_talking_pan_laughing.mp4","REAL"
"21__outside_talking_still_laughing.mp4","REAL"
"21__podium_speech_happy.mp4","REAL"
"21__talking_against_wall.mp4","REAL"
"21__talking_angry_couch.mp4","REAL"
"21__walking_and_outside_surprised.mp4","REAL"
"21__walking_down_indoor_hall_disgust.mp4","REAL"
"21__walking_down_street_outside_angry.mp4","REAL"
"21__walking_outside_cafe_disgusted.mp4","REAL"
"21__walk_down_hall_angry.mp4","REAL"
"220.mp4","REAL"
"221.mp4","REAL"
"222.mp4","REAL"
"223.mp4","REAL"
"224.mp4","REAL"
"225.mp4","REAL"
"226.mp4","REAL"
"227.mp4","REAL"
"228.mp4","REAL"
"229.mp4","REAL"
"22__exit_phone_room.mp4","REAL"
"22__kitchen_pan.mp4","REAL"
"22__kitchen_still.mp4","REAL"
"22__outside_talking_pan_laughing.mp4","REAL"
"22__outside_talking_still_laughing.mp4","REAL"
"22__podium_speech_happy.mp4","REAL"
"22__secret_conversation.mp4","REAL"
"22__talking_against_wall.mp4","REAL"
"22__walking_and_outside_surprised.mp4","REAL"
"22__walking_down_indoor_hall_disgust.mp4","REAL"
"22__walking_down_street_outside_angry.mp4","REAL"
"22__walking_outside_cafe_disgusted.mp4","REAL"
"22__walk_down_hall_angry.mp4","REAL"
"230.mp4","REAL"
"231.mp4","REAL"
"232.mp4","REAL"
"233.mp4","REAL"
"234.mp4","REAL"
"235.mp4","REAL"
"236.mp4","REAL"
"237.mp4","REAL"
"238.mp4","REAL"
"239.mp4","REAL"
"23__exit_phone_room.mp4","REAL"
"23__hugging_happy.mp4","REAL"
"23__kitchen_pan.mp4","REAL"
"23__kitchen_still.mp4","REAL"
"23__outside_talking_pan_laughing.mp4","REAL"
"23__outside_talking_still_laughing.mp4","REAL"
"23__podium_speech_happy.mp4","REAL"
"23__secret_conversation.mp4","REAL"
"23__talking_against_wall.mp4","REAL"
"23__talking_angry_couch.mp4","REAL"
"23__walking_and_outside_surprised.mp4","REAL"
"23__walking_down_indoor_hall_disgust.mp4","REAL"
"23__walking_down_street_outside_angry.mp4","REAL"
"23__walking_outside_cafe_disgusted.mp4","REAL"
"23__walk_down_hall_angry.mp4","REAL"
"240.mp4","REAL"
"241.mp4","REAL"
"242.mp4","REAL"
"243.mp4","REAL"
"244.mp4","REAL"
"245.mp4","REAL"
"246.mp4","REAL"
"247.mp4","REAL"
"248.mp4","REAL"
"249.mp4","REAL"
"24__exit_phone_room.mp4","REAL"
"24__kitchen_pan.mp4","REAL"
"24__kitchen_still.mp4","REAL"
"24__outside_talking_pan_laughing.mp4","REAL"
"24__outside_talking_still_laughing.mp4","REAL"
"24__podium_speech_happy.mp4","REAL"
"24__secret_conversation.mp4","REAL"
"24__talking_against_wall.mp4","REAL"
"24__talking_angry_couch.mp4","REAL"
"24__walking_down_street_outside_angry.mp4","REAL"
"24__walking_outside_cafe_disgusted.mp4","REAL"
"24__walk_down_hall_angry.mp4","REAL"
"250.mp4","REAL"
"251.mp4","REAL"
"252.mp4","REAL"
"253.mp4","REAL"
"254.mp4","REAL"
"255.mp4","REAL"
"256.mp4","REAL"
"257.mp4","REAL"
"258.mp4","REAL"
"259.mp4","REAL"
"25__exit_phone_room.mp4","REAL"
"25__outside_talking_pan_laughing.mp4","REAL"
"25__outside_talking_still_laughing.mp4","REAL"
"25__podium_speech_happy.mp4","REAL"
"25__secret_conversation.mp4","REAL"
"25__talking_against_wall.mp4","REAL"
"25__walking_down_street_outside_angry.mp4","REAL"
"25__walking_outside_cafe_disgusted.mp4","REAL"
"25__walk_down_hall_angry.mp4","REAL"
"260.mp4","REAL"
"261.mp4","REAL"
"262.mp4","REAL"
"263.mp4","REAL"
"264.mp4","REAL"
"265.mp4","REAL"
"266.mp4","REAL"
"267.mp4","REAL"
"268.mp4","REAL"
"269.mp4","REAL"
"26__exit_phone_room.mp4","REAL"
"26__kitchen_pan.mp4","REAL"
"26__kitchen_still.mp4","REAL"
"26__outside_talking_pan_laughing.mp4","REAL"
"26__outside_talking_still_laughing.mp4","REAL"
"26__podium_speech_happy.mp4","REAL"
"26__secret_conversation.mp4","REAL"
"26__talking_against_wall.mp4","REAL"
"26__talking_angry_couch.mp4","REAL"
"26__walking_down_street_outside_angry.mp4","REAL"
"26__walking_outside_cafe_disgusted.mp4","REAL"
"26__walk_down_hall_angry.mp4","REAL"
"270.mp4","REAL"
"271.mp4","REAL"
"272.mp4","REAL"
"273.mp4","REAL"
"274.mp4","REAL"
"275.mp4","REAL"
"276.mp4","REAL"
"277.mp4","REAL"
"278.mp4","REAL"
"279.mp4","REAL"
"27__exit_phone_room.mp4","REAL"
"27__hugging_happy.mp4","REAL"
"27__kitchen_pan.mp4","REAL"
"27__kitchen_still.mp4","REAL"
"27__meeting_serious.mp4","REAL"
"27__outside_talking_pan_laughing.mp4","REAL"
"27__outside_talking_still_laughing.mp4","REAL"
"27__podium_speech_happy.mp4","REAL"
"27__talking_against_wall.mp4","REAL"
"27__talking_angry_couch.mp4","REAL"
"27__walking_and_outside_surprised.mp4","REAL"
"27__walking_down_indoor_hall_disgust.mp4","REAL"
"27__walking_down_street_outside_angry.mp4","REAL"
"27__walking_outside_cafe_disgusted.mp4","REAL"
"27__walk_down_hall_angry.mp4","REAL"
"280.mp4","REAL"
"281.mp4","REAL"
"282.mp4","REAL"
"283.mp4","REAL"
"284.mp4","REAL"
"285.mp4","REAL"
"286.mp4","REAL"
"287.mp4","REAL"
"28__exit_phone_room.mp4","REAL"
"28__kitchen_pan.mp4","REAL"
"28__kitchen_still.mp4","REAL"
"28__outside_talking_pan_laughing.mp4","REAL"
"28__outside_talking_still_laughing.mp4","REAL"
"28__podium_speech_happy.mp4","REAL"
"28__secret_conversation.mp4","REAL"
"28__talking_angry_couch.mp4","REAL"
"28__walking_down_street_outside_angry.mp4","REAL"
"28__walking_outside_cafe_disgusted.mp4","REAL"
"28__walk_down_hall_angry.mp4","REAL"
"294.mp4","REAL"
"295.mp4","REAL"
"296.mp4","REAL"
"297.mp4","REAL"
"298.mp4","REAL"
"299.mp4","REAL"
"300.mp4","REAL"
"301.mp4","REAL"
"302.mp4","REAL"
"303.mp4","REAL"
"304.mp4","REAL"
"305.mp4","REAL"
"306.mp4","REAL"
"307.mp4","REAL"
"308.mp4","REAL"
"309.mp4","REAL"
"310.mp4","REAL"
"311.mp4","REAL"
"312.mp4","REAL"
"313.mp4","REAL"
"314.mp4","REAL"
"315.mp4","REAL"
"316.mp4","REAL"
"317.mp4","REAL"
"318.mp4","REAL"
"319.mp4","REAL"
"320.mp4","REAL"
"321.mp4","REAL"
"322.mp4","REAL"
"323.mp4","REAL"
"324.mp4","REAL"
"325.mp4","REAL"
"326.mp4","REAL"
"327.mp4","REAL"
"328.mp4","REAL"
"329.mp4","REAL"
"330.mp4","REAL"
"331.mp4","REAL"
"332.mp4","REAL"
"333.mp4","REAL"
"334.mp4","REAL"
"335.mp4","REAL"
"336.mp4","REAL"
"337.mp4","REAL"
"338.mp4","REAL"
"339.mp4","REAL"
"340.mp4","REAL"
"341.mp4","REAL"
"342.mp4","REAL"
"343.mp4","REAL"
"344.mp4","REAL"
"345.mp4","REAL"
"346.mp4","REAL"
"347.mp4","REAL"
"348.mp4","REAL"
"349.mp4","REAL"
"350.mp4","REAL"
"351.mp4","REAL"
"352.mp4","REAL"
"353.mp4","REAL"
"354.mp4","REAL"
"355.mp4","REAL"
"356.mp4","REAL"
"357.mp4","REAL"
"358.mp4","REAL"
"359.mp4","REAL"
"360.mp4","REAL"
"361.mp4","REAL"
"362.mp4","REAL"
"363.mp4","REAL"
"364.mp4","REAL"
"365.mp4","REAL"
"366.mp4","REAL"
"367.mp4","REAL"
"368.mp4","REAL"
"369.mp4","REAL"
"370.mp4","REAL"
"371.mp4","REAL"
"372.mp4","REAL"
"373.mp4","REAL"
"374.mp4","REAL"
"375.mp4","REAL"
"376.mp4","REAL"
"377.mp4","REAL"
"378.mp4","REAL"
"379.mp4","REAL"
"380.mp4","REAL"
"381.mp4","REAL"
"382.mp4","REAL"
"383.mp4","REAL"
"384.mp4","REAL"
"385.mp4","REAL"
"386.mp4","REAL"
"387.mp4","REAL"
"388.mp4","REAL"
"389.mp4","REAL"
"390.mp4","REAL"
"391.mp4","REAL"
"392.mp4","REAL"
"393.mp4","REAL"
"394.mp4","REAL"
"395.mp4","REAL"
"396.mp4","REAL"
"397.mp4","REAL"
"398.mp4","REAL"
"399.mp4","REAL"
"400.mp4","REAL"
"401.mp4","REAL"
"402.mp4","REAL"
"403.mp4","REAL"
"404.mp4","REAL"
"405.mp4","REAL"
"406.mp4","REAL"
"407.mp4","REAL"
"408.mp4","REAL"
"409.mp4","REAL"
"410.mp4","REAL"
"411.mp4","REAL"
"412.mp4","REAL"
"413.mp4","REAL"
"414.mp4","REAL"
"415.mp4","REAL"
"416.mp4","REAL"
"417.mp4","REAL"
"418.mp4","REAL"
"419.mp4","REAL"
"420.mp4","REAL"
"421.mp4","REAL"
"422.mp4","REAL"
"423.mp4","REAL"
"424.mp4","REAL"
"425.mp4","REAL"
"426.mp4","REAL"
"427.mp4","REAL"
"428.mp4","REAL"
"429.mp4","REAL"
"430.mp4","REAL"
"431.mp4","REAL"
"432.mp4","REAL"
"433.mp4","REAL"
"434.mp4","REAL"
"435.mp4","REAL"
"436.mp4","REAL"
"437.mp4","REAL"
"438.mp4","REAL"
"439.mp4","REAL"
"440.mp4","REAL"
"441.mp4","REAL"
"442.mp4","REAL"
"443.mp4","REAL"
"444.mp4","REAL"
"445.mp4","REAL"
"446.mp4","REAL"
"447.mp4","REAL"
"448.mp4","REAL"
"449.mp4","REAL"
"450.mp4","REAL"
"451.mp4","REAL"
"452.mp4","REAL"
"453.mp4","REAL"
"454.mp4","REAL"
"455.mp4","REAL"
"456.mp4","REAL"
"457.mp4","REAL"
"458.mp4","REAL"
"459.mp4","REAL"
"460.mp4","REAL"
"461.mp4","REAL"
"462.mp4","REAL"
"463.mp4","REAL"
"464.mp4","REAL"
"465.mp4","REAL"
"466.mp4","REAL"
"467.mp4","REAL"
"468.mp4","REAL"
"469.mp4","REAL"
"470.mp4","REAL"
"471.mp4","REAL"
"472.mp4","REAL"
"473.mp4","REAL"
"474.mp4","REAL"
"475.mp4","REAL"
"476.mp4","REAL"
"477.mp4","REAL"
"478.mp4","REAL"
"479.mp4","REAL"
"480.mp4","REAL"
"481.mp4","REAL"
"482.mp4","REAL"
"483.mp4","REAL"
"484.mp4","REAL"
"485.mp4","REAL"
"000_003.mp4","FAKE"
"001_870.mp4","FAKE"
"002_006.mp4","FAKE"
"003_000.mp4","FAKE"
"004_982.mp4","FAKE"
"005_010.mp4","FAKE"
"006_002.mp4","FAKE"
"007_132.mp4","FAKE"
"008_990.mp4","FAKE"
"009_027.mp4","FAKE"
"010_005.mp4","FAKE"
"011_805.mp4","FAKE"
"012_026.mp4","FAKE"
"013_883.mp4","FAKE"
"014_790.mp4","FAKE"
"015_919.mp4","FAKE"
"016_209.mp4","FAKE"
"017_803.mp4","FAKE"
"018_019.mp4","FAKE"
"019_018.mp4","FAKE"
"01_02__exit_phone_room__YVGY8LOK.mp4","FAKE"
"01_02__hugging_happy__YVGY8LOK.mp4","FAKE"
"01_02__meeting_serious__YVGY8LOK.mp4","FAKE"
"01_02__outside_talking_still_laughing__YVGY8LOK.mp4","FAKE"
"01_02__secret_conversation__YVGY8LOK.mp4","FAKE"
"01_02__talking_against_wall__YVGY8LOK.mp4","FAKE"
"01_02__talking_angry_couch__YVGY8LOK.mp4","FAKE"
"01_02__walking_and_outside_surprised__YVGY8LOK.mp4","FAKE"
"01_02__walking_down_indoor_hall_disgust__YVGY8LOK.mp4","FAKE"
"01_02__walking_outside_cafe_disgusted__YVGY8LOK.mp4","FAKE"
"01_02__walk_down_hall_angry__YVGY8LOK.mp4","FAKE"
"01_03__exit_phone_room__480LQD1C.mp4","FAKE"
"01_03__hugging_happy__ISF9SP4G.mp4","FAKE"
"01_03__kitchen_pan__JZUXXFRB.mp4","FAKE"
"01_03__kitchen_still__JZUXXFRB.mp4","FAKE"
"01_03__meeting_serious__JZUXXFRB.mp4","FAKE"
"01_03__outside_talking_pan_laughing__ISF9SP4G.mp4","FAKE"
"01_03__outside_talking_still_laughing__JZUXXFRB.mp4","FAKE"
"01_03__podium_speech_happy__480LQD1C.mp4","FAKE"
"01_03__podium_speech_happy__JZUXXFRB.mp4","FAKE"
"01_03__secret_conversation__480LQD1C.mp4","FAKE"
"01_03__talking_against_wall__JZUXXFRB.mp4","FAKE"
"01_03__talking_angry_couch__ISF9SP4G.mp4","FAKE"
"01_03__talking_angry_couch__JZUXXFRB.mp4","FAKE"
"01_03__walking_and_outside_surprised__JZUXXFRB.mp4","FAKE"
"01_04__exit_phone_room__0XUW13RW.mp4","FAKE"
"01_04__hugging_happy__GBC7ZGDP.mp4","FAKE"
"01_04__kitchen_pan__GBC7ZGDP.mp4","FAKE"
"01_04__kitchen_still__GBC7ZGDP.mp4","FAKE"
"01_04__meeting_serious__0XUW13RW.mp4","FAKE"
"01_04__outside_talking_still_laughing__0XUW13RW.mp4","FAKE"
"01_04__podium_speech_happy__0XUW13RW.mp4","FAKE"
"01_04__podium_speech_happy__6I623VU9.mp4","FAKE"
"01_04__podium_speech_happy__GBC7ZGDP.mp4","FAKE"
"01_04__talking_angry_couch__0XUW13RW.mp4","FAKE"
"01_04__walking_and_outside_surprised__GBC7ZGDP.mp4","FAKE"
"01_04__walking_down_street_outside_angry__0XUW13RW.mp4","FAKE"
"01_04__walking_down_street_outside_angry__GBC7ZGDP.mp4","FAKE"
"01_04__walking_outside_cafe_disgusted__0XUW13RW.mp4","FAKE"
"01_04__walk_down_hall_angry__0XUW13RW.mp4","FAKE"
"01_04__walk_down_hall_angry__GBC7ZGDP.mp4","FAKE"
"01_09__exit_phone_room__6TSGVLHA.mp4","FAKE"
"01_09__hugging_happy__SJZRV69J.mp4","FAKE"
"01_09__kitchen_pan__6TSGVLHA.mp4","FAKE"
"01_09__secret_conversation__SJZRV69J.mp4","FAKE"
"01_09__talking_angry_couch__O8HNNX43.mp4","FAKE"
"01_09__talking_angry_couch__P70H1JB0.mp4","FAKE"
"01_09__walk_down_hall_angry__P70H1JB0.mp4","FAKE"
"01_11__exit_phone_room__4OJNJLOO.mp4","FAKE"
"01_11__exit_phone_room__9229VVZ3.mp4","FAKE"
"01_11__hugging_happy__4OJNJLOO.mp4","FAKE"
"01_11__hugging_happy__5OVT6C66.mp4","FAKE"
"01_11__hugging_happy__EKE2KNRE.mp4","FAKE"
"01_11__hugging_happy__P06JKA75.mp4","FAKE"
"01_11__kitchen_pan__WIZ7GKOD.mp4","FAKE"
"01_11__kitchen_still__5OVT6C66.mp4","FAKE"
"01_11__meeting_serious__18HYCC8C.mp4","FAKE"
"01_11__meeting_serious__9OM3VE0Y.mp4","FAKE"
"01_11__meeting_serious__FAFWDR4W.mp4","FAKE"
"01_11__meeting_serious__FCNL2OVP.mp4","FAKE"
"01_11__meeting_serious__WIZ7GKOD.mp4","FAKE"
"01_11__outside_talking_pan_laughing__9OM3VE0Y.mp4","FAKE"
"01_11__outside_talking_pan_laughing__LL4RUKZA.mp4","FAKE"
"01_11__outside_talking_pan_laughing__UQ0BOBNO.mp4","FAKE"
"01_11__outside_talking_pan_laughing__WIZ7GKOD.mp4","FAKE"
"01_11__outside_talking_still_laughing__4OJNJLOO.mp4","FAKE"
"01_11__outside_talking_still_laughing__9229VVZ3.mp4","FAKE"
"01_11__podium_speech_happy__WIZ7GKOD.mp4","FAKE"
"01_11__secret_conversation__4OJNJLOO.mp4","FAKE"
"01_11__secret_conversation__WIZ7GKOD.mp4","FAKE"
"01_11__talking_against_wall__4OJNJLOO.mp4","FAKE"
"01_11__talking_against_wall__9229VVZ3.mp4","FAKE"
"01_11__talking_against_wall__P06JKA75.mp4","FAKE"
"01_11__talking_against_wall__UQ0BOBNO.mp4","FAKE"
"01_11__talking_against_wall__WIZ7GKOD.mp4","FAKE"
"01_11__talking_angry_couch__FAFWDR4W.mp4","FAKE"
"01_11__walking_and_outside_surprised__18HYCC8C.mp4","FAKE"
"01_11__walking_outside_cafe_disgusted__FAFWDR4W.mp4","FAKE"
"01_12__kitchen_pan__TNI7KUZ6.mp4","FAKE"
"01_12__outside_talking_pan_laughing__TNI7KUZ6.mp4","FAKE"
"01_12__outside_talking_still_laughing__TNI7KUZ6.mp4","FAKE"
"01_14__hugging_happy__0S0NS5C6.mp4","FAKE"
"01_14__kitchen_still__01YF7VQM.mp4","FAKE"
"01_14__outside_talking_still_laughing__01YF7VQM.mp4","FAKE"
"01_14__walking_and_outside_surprised__01YF7VQM.mp4","FAKE"
"01_14__walking_outside_cafe_disgusted__01YF7VQM.mp4","FAKE"
"01_15__exit_phone_room__02HILKYO.mp4","FAKE"
"01_15__hugging_happy__02HILKYO.mp4","FAKE"
"01_15__kitchen_pan__02HILKYO.mp4","FAKE"
"01_15__kitchen_still__02HILKYO.mp4","FAKE"
"01_15__meeting_serious__02HILKYO.mp4","FAKE"
"01_15__outside_talking_pan_laughing__02HILKYO.mp4","FAKE"
"01_15__outside_talking_still_laughing__02HILKYO.mp4","FAKE"
"01_15__podium_speech_happy__02HILKYO.mp4","FAKE"
"01_15__walking_and_outside_surprised__02HILKYO.mp4","FAKE"
"01_15__walk_down_hall_angry__02HILKYO.mp4","FAKE"
"020_344.mp4","FAKE"
"021_312.mp4","FAKE"
"022_489.mp4","FAKE"
"023_923.mp4","FAKE"
"024_073.mp4","FAKE"
"025_067.mp4","FAKE"
"026_012.mp4","FAKE"
"027_009.mp4","FAKE"
"028_068.mp4","FAKE"
"029_048.mp4","FAKE"
"030_193.mp4","FAKE"
"031_163.mp4","FAKE"
"032_944.mp4","FAKE"
"033_097.mp4","FAKE"
"034_590.mp4","FAKE"
"035_036.mp4","FAKE"
"036_035.mp4","FAKE"
"037_072.mp4","FAKE"
"038_125.mp4","FAKE"
"039_058.mp4","FAKE"
"040_997.mp4","FAKE"
"041_063.mp4","FAKE"
"042_084.mp4","FAKE"
"043_110.mp4","FAKE"
"044_945.mp4","FAKE"
"045_889.mp4","FAKE"
"046_904.mp4","FAKE"
"047_862.mp4","FAKE"
"048_029.mp4","FAKE"
"049_946.mp4","FAKE"
"050_059.mp4","FAKE"
"051_332.mp4","FAKE"
"052_108.mp4","FAKE"
"053_095.mp4","FAKE"
"054_071.mp4","FAKE"
"055_147.mp4","FAKE"
"056_996.mp4","FAKE"
"057_070.mp4","FAKE"
"058_039.mp4","FAKE"
"059_050.mp4","FAKE"
"060_088.mp4","FAKE"
"061_080.mp4","FAKE"
"062_066.mp4","FAKE"
"063_041.mp4","FAKE"
"064_991.mp4","FAKE"
"065_089.mp4","FAKE"
"066_062.mp4","FAKE"
"067_025.mp4","FAKE"
"068_028.mp4","FAKE"
"069_961.mp4","FAKE"
"070_057.mp4","FAKE"
"071_054.mp4","FAKE"
"072_037.mp4","FAKE"
"073_024.mp4","FAKE"
"074_825.mp4","FAKE"
"075_977.mp4","FAKE"
"076_079.mp4","FAKE"
"077_100.mp4","FAKE"
"078_955.mp4","FAKE"
"079_076.mp4","FAKE"
"080_061.mp4","FAKE"
"081_087.mp4","FAKE"
"082_103.mp4","FAKE"
"083_213.mp4","FAKE"
"084_042.mp4","FAKE"
"085_124.mp4","FAKE"
"086_090.mp4","FAKE"
"087_081.mp4","FAKE"
"088_060.mp4","FAKE"
"089_065.mp4","FAKE"
"090_086.mp4","FAKE"
"091_116.mp4","FAKE"
"092_098.mp4","FAKE"
"093_121.mp4","FAKE"
"094_111.mp4","FAKE"
"095_053.mp4","FAKE"
"096_101.mp4","FAKE"
"097_033.mp4","FAKE"
"098_092.mp4","FAKE"
"099_295.mp4","FAKE"
"100_077.mp4","FAKE"
"101_096.mp4","FAKE"
"246_258.mp4","FAKE"
"247_229.mp4","FAKE"
"248_232.mp4","FAKE"
"249_280.mp4","FAKE"
"250_461.mp4","FAKE"
"251_375.mp4","FAKE"
"252_266.mp4","FAKE"
"253_183.mp4","FAKE"
"254_261.mp4","FAKE"
"255_214.mp4","FAKE"
"256_146.mp4","FAKE"
"257_420.mp4","FAKE"
"258_246.mp4","FAKE"
"259_345.mp4","FAKE"
"260_331.mp4","FAKE"
"261_254.mp4","FAKE"
"262_301.mp4","FAKE"
"263_284.mp4","FAKE"
"264_271.mp4","FAKE"
"265_475.mp4","FAKE"
"266_252.mp4","FAKE"
"267_286.mp4","FAKE"
"268_269.mp4","FAKE"
"269_268.mp4","FAKE"
"270_297.mp4","FAKE"
"271_264.mp4","FAKE"
"272_396.mp4","FAKE"
"273_807.mp4","FAKE"
"274_412.mp4","FAKE"
"275_887.mp4","FAKE"
"276_185.mp4","FAKE"
"277_335.mp4","FAKE"
"278_306.mp4","FAKE"
"279_298.mp4","FAKE"
"280_249.mp4","FAKE"
"281_474.mp4","FAKE"
"282_238.mp4","FAKE"
"283_313.mp4","FAKE"
"284_263.mp4","FAKE"
"285_136.mp4","FAKE"
"286_267.mp4","FAKE"
"287_426.mp4","FAKE"
"288_321.mp4","FAKE"
"289_228.mp4","FAKE"
"290_240.mp4","FAKE"
"291_874.mp4","FAKE"
"292_294.mp4","FAKE"
"293_296.mp4","FAKE"
"294_292.mp4","FAKE"
"295_099.mp4","FAKE"
"296_293.mp4","FAKE"
"297_270.mp4","FAKE"
"298_279.mp4","FAKE"
"299_145.mp4","FAKE"
"300_304.mp4","FAKE"
"301_262.mp4","FAKE"
"302_323.mp4","FAKE"
"303_309.mp4","FAKE"
"304_300.mp4","FAKE"
"305_513.mp4","FAKE"
"306_278.mp4","FAKE"
"307_365.mp4","FAKE"
"308_388.mp4","FAKE"
"309_303.mp4","FAKE"
"310_196.mp4","FAKE"
"311_387.mp4","FAKE"
"312_021.mp4","FAKE"
"313_283.mp4","FAKE"
"314_347.mp4","FAKE"
"315_322.mp4","FAKE"
"316_369.mp4","FAKE"
"317_359.mp4","FAKE"
"318_334.mp4","FAKE"
"319_352.mp4","FAKE"
"320_328.mp4","FAKE"
"321_288.mp4","FAKE"
"322_315.mp4","FAKE"
"323_302.mp4","FAKE"
"324_356.mp4","FAKE"
"325_492.mp4","FAKE"
"326_501.mp4","FAKE"
"327_329.mp4","FAKE"
"328_320.mp4","FAKE"
"329_327.mp4","FAKE"
"330_162.mp4","FAKE"
"331_260.mp4","FAKE"
"332_051.mp4","FAKE"
"333_377.mp4","FAKE"
"334_318.mp4","FAKE"
"335_277.mp4","FAKE"
"336_338.mp4","FAKE"
"337_522.mp4","FAKE"
"338_336.mp4","FAKE"
"339_392.mp4","FAKE"
"340_341.mp4","FAKE"
"341_340.mp4","FAKE"
"342_416.mp4","FAKE"
"343_363.mp4","FAKE"
"344_020.mp4","FAKE"
"345_259.mp4","FAKE"
"346_351.mp4","FAKE"
"347_314.mp4","FAKE"
"348_202.mp4","FAKE"
"349_350.mp4","FAKE"
"350_349.mp4","FAKE"
"351_346.mp4","FAKE"
"352_319.mp4","FAKE"
"353_383.mp4","FAKE"
"354_362.mp4","FAKE"
"355_748.mp4","FAKE"
"356_324.mp4","FAKE"
"357_432.mp4","FAKE"
"358_380.mp4","FAKE"
"359_317.mp4","FAKE"
"360_437.mp4","FAKE"
"361_448.mp4","FAKE"
"362_354.mp4","FAKE"
"363_343.mp4","FAKE"
"364_440.mp4","FAKE"
"365_307.mp4","FAKE"
"366_473.mp4","FAKE"
"367_371.mp4","FAKE"
"368_378.mp4","FAKE"
"369_316.mp4","FAKE"
"370_483.mp4","FAKE"
"371_367.mp4","FAKE"
"372_413.mp4","FAKE"
"373_394.mp4","FAKE"
"374_407.mp4","FAKE"
"375_251.mp4","FAKE"
"376_381.mp4","FAKE"
"377_333.mp4","FAKE"
"378_368.mp4","FAKE"
"379_158.mp4","FAKE"
"380_358.mp4","FAKE"
"381_376.mp4","FAKE"
"382_409.mp4","FAKE"
"383_353.mp4","FAKE"
"384_932.mp4","FAKE"
"385_414.mp4","FAKE"
"386_154.mp4","FAKE"
"387_311.mp4","FAKE"
"388_308.mp4","FAKE"
"389_480.mp4","FAKE"
"396_272.mp4","FAKE"
"397_602.mp4","FAKE"
"398_457.mp4","FAKE"
"399_488.mp4","FAKE"
"400_476.mp4","FAKE"
"401_395.mp4","FAKE"
"402_453.mp4","FAKE"
"403_497.mp4","FAKE"
"404_429.mp4","FAKE"
"405_393.mp4","FAKE"
"406_391.mp4","FAKE"
"407_374.mp4","FAKE"
"408_424.mp4","FAKE"
"409_382.mp4","FAKE"
"410_411.mp4","FAKE"
"411_410.mp4","FAKE"
"412_274.mp4","FAKE"
"413_372.mp4","FAKE"
"414_385.mp4","FAKE"
"415_484.mp4","FAKE"
"416_342.mp4","FAKE"
"417_496.mp4","FAKE"
"418_507.mp4","FAKE"
"419_824.mp4","FAKE"
"420_257.mp4","FAKE"
"421_423.mp4","FAKE"
"422_695.mp4","FAKE"
"423_421.mp4","FAKE"
"424_408.mp4","FAKE"
"425_485.mp4","FAKE"
"426_287.mp4","FAKE"
"427_637.mp4","FAKE"
"428_466.mp4","FAKE"
"429_404.mp4","FAKE"
"430_459.mp4","FAKE"
"431_447.mp4","FAKE"
"432_357.mp4","FAKE"
"433_498.mp4","FAKE"
"434_438.mp4","FAKE"
"435_456.mp4","FAKE"
"436_526.mp4","FAKE"
"437_360.mp4","FAKE"
"438_434.mp4","FAKE"
"439_441.mp4","FAKE"
"440_364.mp4","FAKE"
"441_439.mp4","FAKE"
"442_195.mp4","FAKE"
"443_514.mp4","FAKE"
"444_655.mp4","FAKE"
"445_494.mp4","FAKE"
"446_667.mp4","FAKE"
"447_431.mp4","FAKE"
"448_361.mp4","FAKE"
"449_451.mp4","FAKE"
"450_533.mp4","FAKE"
"451_449.mp4","FAKE"
"452_550.mp4","FAKE"
"453_402.mp4","FAKE"
"454_527.mp4","FAKE"
"455_471.mp4","FAKE"
"456_435.mp4","FAKE"
"457_398.mp4","FAKE"
"458_722.mp4","FAKE"
"459_430.mp4","FAKE"
"460_678.mp4","FAKE"
"461_250.mp4","FAKE"
"462_467.mp4","FAKE"
"463_464.mp4","FAKE"
"464_463.mp4","FAKE"
"465_482.mp4","FAKE"
"466_428.mp4","FAKE"
"467_462.mp4","FAKE"
"468_470.mp4","FAKE"
"469_481.mp4","FAKE"
"470_468.mp4","FAKE"
"471_455.mp4","FAKE"
"472_511.mp4","FAKE"
"473_366.mp4","FAKE"
"474_281.mp4","FAKE"
"475_265.mp4","FAKE"
"476_400.mp4","FAKE"
"477_487.mp4","FAKE"
"478_506.mp4","FAKE"
"479_706.mp4","FAKE"
"480_389.mp4","FAKE"
"481_469.mp4","FAKE"
"482_465.mp4","FAKE"
"483_370.mp4","FAKE"
"484_415.mp4","FAKE"
"485_425.mp4","FAKE"
"486_680.mp4","FAKE"
"487_477.mp4","FAKE"
"488_399.mp4","FAKE"
"489_022.mp4","FAKE"
"490_534.mp4","FAKE"
"491_226.mp4","FAKE"
"492_325.mp4","FAKE"
"493_538.mp4","FAKE"
"494_445.mp4","FAKE"
"495_512.mp4","FAKE"
"496_417.mp4","FAKE"
"497_403.mp4","FAKE"
"798_778.mp4","FAKE"
"799_809.mp4","FAKE"
"800_840.mp4","FAKE"
"801_855.mp4","FAKE"
"802_885.mp4","FAKE"
"803_017.mp4","FAKE"
"804_738.mp4","FAKE"
"805_011.mp4","FAKE"
"806_781.mp4","FAKE"
"807_273.mp4","FAKE"
"808_829.mp4","FAKE"
"809_799.mp4","FAKE"
"810_838.mp4","FAKE"
"811_920.mp4","FAKE"
"812_821.mp4","FAKE"
"813_700.mp4","FAKE"
"814_871.mp4","FAKE"
"815_730.mp4","FAKE"
"816_649.mp4","FAKE"
"817_827.mp4","FAKE"
"818_820.mp4","FAKE"
"819_786.mp4","FAKE"
"820_818.mp4","FAKE"
"821_812.mp4","FAKE"
"822_244.mp4","FAKE"
"823_584.mp4","FAKE"
"824_419.mp4","FAKE"
"825_074.mp4","FAKE"
"826_833.mp4","FAKE"
"827_817.mp4","FAKE"
"828_830.mp4","FAKE"
"829_808.mp4","FAKE"
"830_828.mp4","FAKE"
"831_508.mp4","FAKE"
"832_762.mp4","FAKE"
"833_826.mp4","FAKE"
"834_852.mp4","FAKE"
"835_651.mp4","FAKE"
"836_950.mp4","FAKE"
"837_890.mp4","FAKE"
"838_810.mp4","FAKE"
"839_864.mp4","FAKE"
"840_800.mp4","FAKE"
"841_639.mp4","FAKE"
"842_714.mp4","FAKE"
"843_859.mp4","FAKE"
"844_797.mp4","FAKE"
"845_846.mp4","FAKE"
"846_845.mp4","FAKE"
"847_906.mp4","FAKE"
"848_894.mp4","FAKE"
"849_771.mp4","FAKE"
"850_764.mp4","FAKE"
"851_552.mp4","FAKE"
"852_834.mp4","FAKE"
"853_863.mp4","FAKE"
"854_747.mp4","FAKE"
"855_801.mp4","FAKE"
"856_881.mp4","FAKE"
"857_909.mp4","FAKE"
"858_861.mp4","FAKE"
"859_843.mp4","FAKE"
"860_905.mp4","FAKE"
"861_858.mp4","FAKE"
"862_047.mp4","FAKE"
"863_853.mp4","FAKE"
"864_839.mp4","FAKE"
"865_739.mp4","FAKE"
"866_878.mp4","FAKE"
"867_765.mp4","FAKE"
"868_949.mp4","FAKE"
"869_780.mp4","FAKE"
"870_001.mp4","FAKE"
"871_814.mp4","FAKE"
"872_873.mp4","FAKE"
"873_872.mp4","FAKE"
"874_291.mp4","FAKE"
"875_979.mp4","FAKE"
"876_891.mp4","FAKE"
"877_886.mp4","FAKE"
"878_866.mp4","FAKE"
"879_963.mp4","FAKE"
"880_135.mp4","FAKE"
"881_856.mp4","FAKE"
"882_952.mp4","FAKE"
"883_013.mp4","FAKE"
"884_968.mp4","FAKE"
"885_802.mp4","FAKE"
"886_877.mp4","FAKE"
"887_275.mp4","FAKE"
"888_937.mp4","FAKE"
"889_045.mp4","FAKE"
"890_837.mp4","FAKE"
"891_876.mp4","FAKE"
"892_112.mp4","FAKE"
"893_913.mp4","FAKE"
"894_848.mp4","FAKE"
"895_915.mp4","FAKE"
"896_128.mp4","FAKE"
"897_969.mp4","FAKE"
"898_922.mp4","FAKE"
"899_914.mp4","FAKE"
"900_926.mp4","FAKE"
"901_902.mp4","FAKE"
"902_901.mp4","FAKE"
"903_792.mp4","FAKE"
"904_046.mp4","FAKE"
"905_860.mp4","FAKE"
"906_847.mp4","FAKE"
"907_795.mp4","FAKE"
"908_207.mp4","FAKE"
"909_857.mp4","FAKE"
"910_911.mp4","FAKE"
"911_910.mp4","FAKE"
"912_927.mp4","FAKE"
"913_893.mp4","FAKE"
"914_899.mp4","FAKE"
"915_895.mp4","FAKE"
"916_783.mp4","FAKE"
"917_924.mp4","FAKE"
"918_934.mp4","FAKE"
"919_015.mp4","FAKE"
"920_811.mp4","FAKE"
"921_569.mp4","FAKE"
"922_898.mp4","FAKE"
"923_023.mp4","FAKE"
"924_917.mp4","FAKE"
"925_933.mp4","FAKE"
"926_900.mp4","FAKE"
"927_912.mp4","FAKE"
"928_160.mp4","FAKE"
"929_962.mp4","FAKE"
"930_763.mp4","FAKE"
"931_936.mp4","FAKE"
"932_384.mp4","FAKE"
"933_925.mp4","FAKE"
"934_918.mp4","FAKE"
"935_733.mp4","FAKE"
"936_931.mp4","FAKE"
"937_888.mp4","FAKE"
"938_987.mp4","FAKE"
"939_115.mp4","FAKE"
"940_941.mp4","FAKE"
"941_940.mp4","FAKE"
"942_943.mp4","FAKE"
"943_942.mp4","FAKE"
"944_032.mp4","FAKE"
"945_044.mp4","FAKE"
"946_049.mp4","FAKE"
"947_951.mp4","FAKE"
"948_965.mp4","FAKE"
"949_868.mp4","FAKE"
"950_836.mp4","FAKE"
"951_947.mp4","FAKE"
"952_882.mp4","FAKE"
"953_974.mp4","FAKE"
"954_976.mp4","FAKE"
"955_078.mp4","FAKE"
"956_958.mp4","FAKE"
"957_959.mp4","FAKE"
"958_956.mp4","FAKE"
"959_957.mp4","FAKE"
"960_999.mp4","FAKE"
"961_069.mp4","FAKE"
"962_929.mp4","FAKE"
"963_879.mp4","FAKE"
"964_174.mp4","FAKE"
"965_948.mp4","FAKE"
"966_988.mp4","FAKE"
"967_984.mp4","FAKE"
"968_884.mp4","FAKE"
"969_897.mp4","FAKE"
"970_973.mp4","FAKE"
"971_564.mp4","FAKE"
"972_718.mp4","FAKE"
"973_970.mp4","FAKE"
"974_953.mp4","FAKE"
"975_978.mp4","FAKE"
"976_954.mp4","FAKE"
"977_075.mp4","FAKE"
"978_975.mp4","FAKE"
"979_875.mp4","FAKE"
"980_992.mp4","FAKE"
"981_985.mp4","FAKE"
"982_004.mp4","FAKE"
"983_113.mp4","FAKE"
"984_967.mp4","FAKE"
"985_981.mp4","FAKE"
"986_994.mp4","FAKE"
"987_938.mp4","FAKE"
"988_966.mp4","FAKE"
"989_993.mp4","FAKE"
"990_008.mp4","FAKE"
"991_064.mp4","FAKE"
"992_980.mp4","FAKE"
"993_989.mp4","FAKE"
"994_986.mp4","FAKE"
"995_233.mp4","FAKE"
"996_056.mp4","FAKE"
"997_040.mp4","FAKE"
"998_561.mp4","FAKE"
"999_960.mp4","FAKE"
